{
    "accuracy": 0.8813688212927757,
    "precision": 0.5754189944134078,
    "recall": 0.5628415300546448,
    "auc": 0.796199482515592
}
